date,rate_per_egg
2019-04-01,3.0182
2019-04-02,3.0246
2019-04-03,3.0297
2019-04-04,3.0381
2019-04-05,3.0655
2019-04-06,3.0751
2019-04-07,3.0849
2019-04-08,3.0956
2019-04-09,3.1041
2019-04-10,3.0963
2019-04-11,3.1153
2019-04-12,3.1374
2019-04-13,3.1553
2019-04-14,3.1339
2019-04-15,3.1151
2019-04-16,3.0735
2019-04-17,3.0169
2019-04-18,2.9727
2019-04-19,2.9192
2019-04-20,2.8630
2019-04-21,2.8029
2019-04-22,2.7549
2019-04-24,2.7104
2019-04-29,2.7357
2019-04-30,2.7849
2019-05-01,2.8677
2019-05-02,2.9719
2019-05-03,3.0859
2019-05-04,3.2022
2019-05-05,3.2966
2019-05-06,3.3855
2019-05-07,3.3847
2019-05-08,3.3457
2019-05-09,3.2880
2019-05-10,3.2100
2019-05-11,3.0861
2019-05-12,3.0279
2019-05-13,2.9890
2019-05-14,2.9476
2019-05-15,2.9276
2019-05-16,2.9429
2019-05-17,2.9645
2019-05-18,2.9841
2019-05-19,2.9940
2019-05-20,3.0048
2019-05-21,3.0088
2019-05-22,3.0061
2019-05-23,3.0180
2019-05-24,3.0174
2019-05-25,3.0129
2019-05-26,3.0293
2019-05-27,3.0151
2019-05-28,2.9779
2019-05-29,2.9593
2019-05-30,2.9439
2019-05-31,2.8715
2019-06-01,2.8753
2019-06-02,2.8938
2019-06-03,2.9220
2019-06-04,2.9636
2019-06-05,3.0365
2019-06-06,3.0839
2019-06-07,3.1300
2019-06-08,3.1834
2019-06-09,3.2416
2019-06-10,3.3217
2019-06-11,3.3955
2019-06-12,3.4792
2019-06-13,3.5604
2019-06-14,3.6265
2019-06-15,3.7035
2019-06-16,3.7798
2019-06-17,3.8405
2019-06-18,3.9035
2019-06-19,3.9675
2019-06-20,4.0021
2019-06-21,4.0195
2019-06-22,4.0380
2019-06-23,4.0432
2019-06-24,4.0289
2019-06-25,4.0155
2019-06-26,4.0095
2019-06-27,3.9985
2019-06-28,3.9857
2019-06-29,3.9856
2019-06-30,3.9922
2019-07-01,4.0034
2019-07-02,4.0116
2019-07-03,4.0102
2019-07-04,3.9976
2019-07-05,3.9836
2019-07-06,3.9583
2019-07-07,3.9241
2019-07-08,3.8958
2019-07-09,3.9232
2019-07-10,3.8874
2019-07-11,3.8602
2019-07-12,3.7865
2019-07-13,3.7195
2019-07-14,3.6045
2019-07-15,3.5143
2019-07-16,3.4171
2019-07-17,3.3703
2019-07-18,3.2767
2019-07-19,3.1493
2019-07-20,3.0777
2019-07-21,3.0163
2019-07-22,2.9447
2019-07-23,2.9119
2019-07-24,2.9220
2019-07-25,2.9028
2019-07-26,2.9064
2019-07-27,2.9229
2019-07-28,2.9475
2019-07-29,2.9830
2019-07-30,3.0084
2019-07-31,3.0295
2019-08-01,3.0659
2019-08-02,3.1009
2019-08-03,3.1223
2019-08-04,3.1628
2019-08-05,3.1836
2019-08-06,3.1887
2019-08-07,3.1949
2019-08-08,3.1953
2019-08-09,3.1980
2019-08-10,3.1936
2019-08-11,3.1844
2019-08-12,3.1826
2019-08-13,3.1862
2019-08-14,3.1821
2019-08-15,3.1851
2019-08-16,3.2053
2019-08-17,3.2157
2019-08-18,3.2358
2019-08-19,3.2189
2019-08-20,3.1875
2019-08-21,3.1530
2019-08-22,3.1267
2019-08-23,3.0909
2019-08-24,3.0979
2019-08-25,3.1163
2019-08-26,3.1516
2019-08-27,3.1671
2019-08-28,3.1847
2019-08-29,3.2003
2019-08-30,3.2101
2019-08-31,3.2075
2019-09-01,3.2124
2019-09-02,3.2153
2019-09-03,3.2130
2019-09-04,3.2210
2019-09-05,3.2262
2019-09-06,3.2516
2019-09-07,3.2712
2019-09-08,3.2980
2019-09-09,3.3274
2019-09-10,3.3648
2019-09-11,3.3954
2019-09-12,3.4400
2019-09-13,3.4865
2019-09-14,3.5307
2019-09-15,3.5676
2019-09-16,3.6071
2019-09-17,3.6419
2019-09-18,3.6853
2019-09-19,3.7237
2019-09-20,3.7705
2019-09-21,3.8093
2019-09-22,3.8450
2019-09-23,3.8691
2019-09-24,3.8956
2019-09-25,3.9103
2019-09-26,3.9280
2019-09-27,3.9438
2019-09-28,3.9632
2019-09-29,3.9788
2019-09-30,3.9920
2019-10-01,3.9984
2019-10-02,4.0020
2019-10-03,4.0105
2019-10-04,4.0231
2019-10-05,4.0248
2019-10-06,4.0246
2019-10-07,4.0192
2019-10-08,4.0001
2019-10-09,3.9895
2019-10-10,3.9884
2019-10-11,3.9859
2019-10-12,3.9748
2019-10-13,3.9377
2019-10-14,3.8854
2019-10-15,3.8071
2019-10-16,3.7259
2019-10-17,3.6645
2019-10-18,3.6182
2019-10-19,3.5660
2019-10-20,3.5486
2019-10-21,3.5377
2019-10-22,3.5361
2019-10-23,3.5582
2019-10-24,3.5969
2019-10-25,3.6252
2019-10-26,3.6710
2019-10-27,3.7112
2019-10-28,3.7283
2019-10-29,3.7478
2019-10-30,3.7346
2019-10-31,3.6914
2019-11-01,3.6451
2019-11-02,3.6056
2019-11-03,3.5914
2019-11-04,3.5985
2019-11-05,3.6152
2019-11-06,3.6360
2019-11-07,3.6689
2019-11-08,3.6762
2019-11-09,3.7092
2019-11-10,3.7516
2019-11-11,3.8002
2019-11-12,3.8535
2019-11-13,3.9017
2019-11-14,3.9501
2019-11-15,3.9975
2019-11-16,4.0437
2019-11-17,4.0794
2019-11-18,4.1177
2019-11-19,4.1516
2019-11-20,4.1704
2019-11-21,4.1782
2019-11-22,4.1911
2019-11-23,4.1993
2019-11-24,4.2059
2019-11-25,4.2280
2019-11-26,4.2514
2019-11-27,4.2756
2019-11-28,4.2991
2019-11-29,4.3138
2019-11-30,4.3229
2019-12-01,4.3317
2019-12-02,4.3373
2019-12-03,4.3382
2019-12-04,4.3431
2019-12-05,4.3369
2019-12-06,4.3301
2019-12-07,4.3196
2019-12-08,4.3147
2019-12-09,4.3090
2019-12-10,4.3081
2019-12-11,4.3080
2019-12-12,4.3064
2019-12-13,4.3012
2019-12-14,4.2969
2019-12-15,4.2968
2019-12-16,4.2962
2019-12-17,4.2956
2019-12-18,4.2956
2019-12-19,4.2992
2019-12-20,4.3003
2019-12-21,4.3001
2019-12-22,4.3077
2019-12-23,4.3204
2019-12-24,4.3349
2019-12-25,4.3524
2019-12-26,4.3773
2019-12-27,4.4078
2019-12-28,4.4268
2019-12-29,4.4466
2019-12-30,4.4653
2019-12-31,4.4817
2020-01-01,4.4942
2020-01-02,4.5056
2020-01-03,4.5103
2020-01-04,4.5156
2020-01-05,4.5254
2020-01-06,4.5175
2020-01-07,4.5158
2020-01-08,4.5189
2020-01-09,4.4971
2020-01-10,4.4620
2020-01-11,4.3803
2020-01-12,4.3198
2020-01-13,4.2693
2020-01-14,4.2053
2020-01-16,4.1487
2020-01-17,4.1366
2020-01-18,4.0685
2020-01-19,3.9917
2020-01-20,3.9313
2020-01-21,3.8678
2020-01-22,3.7795
2020-01-23,3.7157
2020-01-24,3.6502
2020-01-25,3.5922
2020-01-26,3.5248
2020-01-27,3.4779
2020-01-28,3.4224
2020-01-29,3.3570
2020-01-30,3.3516
2020-01-31,3.2623
2020-02-01,3.1932
2020-02-02,3.1382
2020-02-03,3.0813
2020-02-04,2.9835
2020-02-05,2.9817
2020-02-06,2.9894
2020-02-07,3.0133
2020-02-08,3.0762
2020-02-09,3.1754
2020-02-10,3.2973
2020-02-11,3.4441
2020-02-12,3.5932
2020-02-13,3.7172
2020-02-14,3.8105
2020-02-15,3.8036
2020-02-16,3.7087
2020-02-17,3.5782
2020-02-18,3.4277
2020-02-19,3.2641
2020-02-20,3.1749
2020-02-21,3.1865
2020-02-22,3.1624
2020-02-23,3.1570
2020-02-24,3.1507
2020-02-25,3.1589
2020-02-26,3.1239
2020-02-27,3.1509
2020-02-28,3.1262
2020-02-29,3.0937
2020-03-01,3.0666
2020-03-02,3.0094
2020-03-03,2.9517
2020-03-04,2.9444
2020-03-05,2.9396
2020-03-06,2.9275
2020-03-07,2.9503
2020-03-08,2.9725
2020-03-09,2.9926
2020-03-10,2.9700
2020-03-11,2.9203
2020-03-12,2.8540
2020-03-13,2.7790
2020-03-14,2.7897
2020-03-23,2.8817
2020-03-24,2.9997
2020-03-25,3.1455
2020-03-26,3.2614
2020-03-27,3.2976
2020-03-28,3.2989
2020-03-29,3.3008
2020-03-30,3.2683
2020-04-01,3.2697
2020-04-03,3.2718
2020-04-04,3.2701
2020-04-05,3.2380
2020-04-06,3.1239
2020-04-07,3.0399
2020-04-08,2.9324
2020-04-09,2.8367
2020-04-10,2.7625
2020-04-12,2.7825
2020-04-13,2.8177
2020-04-15,2.8674
2020-04-16,2.9628
2020-04-17,3.0760
2020-04-18,3.1933
2020-04-19,3.2976
2020-04-20,3.3890
2020-04-21,3.4325
2020-04-22,3.4602
2020-04-23,3.4139
2020-04-24,3.3491
2020-04-25,3.2312
2020-04-26,3.1272
2020-04-27,3.0194
2020-04-28,2.9805
2020-04-29,2.9486
2020-04-30,3.0103
2020-05-01,3.0612
2020-05-02,3.1230
2020-05-03,3.1378
2020-05-04,3.1225
2020-05-05,3.0667
2020-05-06,3.0074
2020-05-07,2.9027
2020-05-08,2.9297
2020-05-09,2.8821
2020-05-10,2.8715
2020-05-11,2.8437
2020-05-12,2.8686
2020-05-13,2.8403
2020-05-14,2.8919
2020-05-15,2.9588
2020-05-16,3.0434
2020-05-17,3.1018
2020-05-18,3.1329
2020-05-19,3.0932
2020-05-20,3.0080
2020-05-21,2.9232
2020-05-22,2.8509
2020-05-23,2.7864
2020-05-24,2.7768
2020-05-25,2.7787
2020-05-26,2.7792
2020-05-27,2.7737
2020-05-28,2.7557
2020-05-29,2.7646
2020-05-30,2.7747
2020-05-31,2.8015
2020-06-01,2.8525
2020-06-02,2.9212
2020-06-03,3.0532
2020-06-04,3.2258
2020-06-05,3.4399
2020-06-06,3.6441
2020-06-07,3.8358
2020-06-08,3.8675
2020-06-09,3.8190
2020-06-10,3.7143
2020-06-11,3.6128
2020-06-12,3.5167
2020-06-13,3.5117
2020-06-14,3.5517
2020-06-15,3.5916
2020-06-16,3.6190
2020-06-17,3.5945
2020-06-18,3.5805
2020-06-19,3.5478
2020-06-20,3.4631
2020-06-21,3.3723
2020-06-22,3.3177
2020-06-23,3.2523
2020-06-24,3.2109
2020-06-25,3.2290
2020-06-26,3.2464
2020-06-27,3.2770
2020-06-28,3.3371
2020-06-29,3.3201
2020-06-30,3.2967
2020-07-01,3.2334
2020-07-02,3.1580
2020-07-03,3.0577
2020-07-04,3.0223
2020-07-05,2.9893
2020-07-06,2.9960
2020-07-07,3.0255
2020-07-08,3.0489
2020-07-09,3.0805
2020-07-10,3.1528
2020-07-11,3.1871
2020-07-12,3.2110
2020-07-13,3.2775
2020-07-14,3.2980
2020-07-15,3.2842
2020-07-16,3.3070
2020-07-17,3.3380
2020-07-18,3.3307
2020-07-19,3.3640
2020-07-20,3.3835
2020-07-21,3.4453
2020-07-22,3.4104
2020-07-23,3.4104
2020-07-24,3.3710
2020-07-25,3.3140
2020-07-26,3.2265
2020-07-27,3.2271
2020-07-28,3.2065
2020-07-29,3.2390
2020-07-30,3.3219
2020-07-31,3.4151
2020-08-01,3.5104
2020-08-02,3.6314
2020-08-03,3.7251
2020-08-04,3.7477
2020-08-05,3.7151
2020-08-06,3.6673
2020-08-07,3.5818
2020-08-08,3.4976
2020-08-09,3.4664
2020-08-10,3.4628
2020-08-11,3.4645
2020-08-12,3.4747
2020-08-13,3.4977
2020-08-14,3.5196
2020-08-15,3.5579
2020-08-16,3.6039
2020-08-17,3.6439
2020-08-18,3.6843
2020-08-19,3.7260
2020-08-20,3.7444
2020-08-21,3.7611
2020-08-23,3.7752
2020-08-24,3.7844
2020-08-25,3.8075
2020-08-26,3.8499
2020-08-27,3.8937
2020-08-28,3.9451
2020-08-29,4.0171
2020-08-30,4.0681
2020-08-31,4.1296
2020-09-01,4.1783
2020-09-02,4.2492
2020-09-03,4.2948
2020-09-04,4.3377
2020-09-05,4.3324
2020-09-06,4.3325
2020-09-07,4.3373
2020-09-08,4.3636
2020-09-09,4.4098
2020-09-10,4.4981
2020-09-11,4.5883
2020-09-12,4.6471
2020-09-13,4.7144
2020-09-14,4.7302
2020-09-15,4.7334
2020-09-16,4.7473
2020-09-17,4.7431
2020-09-18,4.7130
2020-09-19,4.7284
2020-09-20,4.7387
2020-09-21,4.7576
2020-09-22,4.7719
2020-09-23,4.7926
2020-09-24,4.7944
2020-09-25,4.8038
2020-09-26,4.7914
2020-09-27,4.7971
2020-09-28,4.7997
2020-09-29,4.8131
2020-09-30,4.8379
2020-10-01,4.8781
2020-10-02,4.9108
2020-10-03,4.9541
2020-10-04,4.9773
2020-10-05,4.9966
2020-10-06,4.9924
2020-10-07,5.0016
2020-10-08,4.9867
2020-10-09,5.0187
2020-10-10,5.0118
2020-10-11,5.0447
2020-10-12,5.0386
2020-10-13,5.0501
2020-10-14,5.0155
2020-10-15,5.0192
2020-10-16,4.9953
2020-10-17,4.9957
2020-10-18,5.0145
2020-10-19,5.0163
2020-10-20,5.0170
2020-10-21,5.0109
2020-10-22,5.0113
2020-10-23,5.0159
2020-10-24,5.0175
2020-10-25,5.0148
2020-10-26,5.0546
2020-10-27,5.0268
2020-10-28,4.9891
2020-10-29,4.9402
2020-10-30,4.8343
2020-10-31,4.6917
2020-11-01,4.6363
2020-11-02,4.4991
2020-11-03,4.3934
2020-11-04,4.3354
2020-11-05,4.2797
2020-11-06,4.2158
2020-11-07,4.2099
2020-11-08,4.2581
2020-11-09,4.3121
2020-11-10,4.3684
2020-11-11,4.4165
2020-11-12,4.4971
2020-11-13,4.5032
2020-11-14,4.5140
2020-11-15,4.5380
2020-11-16,4.5438
2020-11-17,4.5433
2020-11-18,4.5435
2020-11-19,4.5418
2020-11-20,4.4694
2020-11-21,4.4092
2020-11-22,4.3115
2020-11-23,4.2454
2020-11-24,4.1948
2020-11-25,4.1857
2020-11-26,4.1856
2020-11-27,4.1980
2020-11-28,4.2121
2020-11-29,4.2107
2020-11-30,4.2243
2020-12-01,4.2319
2020-12-02,4.1864
2020-12-03,4.1365
2020-12-04,4.0724
2020-12-05,4.0018
2020-12-06,3.9305
2020-12-07,3.9118
2020-12-08,3.9096
2020-12-09,3.9499
2020-12-10,4.0302
2020-12-11,4.1297
2020-12-12,4.2561
2020-12-13,4.3702
2020-12-14,4.4713
2020-12-15,4.5312
2020-12-16,4.6158
2020-12-17,4.6327
2020-12-18,4.6481
2020-12-19,4.6695
2020-12-20,4.7026
2020-12-21,4.6987
2020-12-22,4.7526
2020-12-23,4.8098
2020-12-24,4.8461
2020-12-25,4.8709
2020-12-26,4.9334
2020-12-27,4.9367
2020-12-28,4.9407
2020-12-29,4.9415
2020-12-30,4.9884
2020-12-31,4.9537
2021-01-01,4.9723
2021-01-02,4.9790
2021-01-03,4.9180
2021-01-04,4.7752
2021-01-05,4.7845
2021-01-06,4.5415
2021-01-07,4.2822
2021-01-08,4.1334
2021-01-09,3.9912
2021-01-10,3.6959
2021-01-11,3.6668
2021-01-12,3.6477
2021-01-13,3.6011
2021-01-14,3.6798
2021-01-15,3.7412
2021-01-16,3.8101
2021-01-17,3.9124
2021-01-18,3.9721
2021-01-19,3.9753
2021-01-20,4.0336
2021-01-21,4.0321
2021-01-22,3.9616
2021-01-23,3.8847
2021-01-24,3.7957
2021-01-25,3.7441
2021-01-26,3.7270
2021-01-27,3.7595
2021-01-28,3.8247
2021-01-29,3.8932
2021-01-30,3.9241
2021-01-31,3.9490
2021-02-01,3.9476
2021-02-02,4.0031
2021-02-03,3.9626
2021-02-04,3.9254
2021-02-05,3.8854
2021-02-06,3.8672
2021-02-07,3.8065
2021-02-08,3.8286
2021-02-09,3.8455
2021-02-10,3.8715
2021-02-11,3.9192
2021-02-12,3.9849
2021-02-13,4.0158
2021-02-14,4.0410
2021-02-15,4.0999
2021-02-16,4.0541
2021-02-17,3.9716
2021-02-18,3.9120
2021-02-19,3.8636
2021-02-20,3.7740
2021-02-21,3.7583
2021-02-22,3.7729
2021-02-23,3.7882
2021-02-24,3.8037
2021-02-25,3.8487
2021-02-26,3.8385
2021-02-27,3.8034
2021-02-28,3.7959
2021-03-01,3.7585
2021-03-02,3.6880
2021-03-03,3.5801
2021-03-04,3.5881
2021-03-05,3.5712
2021-03-06,3.5934
2021-03-07,3.6011
2021-03-08,3.7184
2021-03-09,3.7313
2021-03-10,3.7078
2021-03-11,3.6676
2021-03-12,3.6392
2021-03-13,3.6063
2021-03-15,3.5669
2021-03-16,3.5425
2021-03-17,3.5347
2021-03-18,3.5416
2021-03-19,3.5501
2021-03-20,3.5789
2021-03-21,3.5755
2021-03-22,3.5611
2021-03-23,3.5336
2021-03-24,3.5185
2021-03-25,3.4830
2021-03-26,3.4887
2021-03-27,3.4999
2021-03-28,3.5135
2021-03-29,3.5207
2021-03-30,3.5273
2021-03-31,3.5415
2021-04-01,3.5583
2021-04-02,3.5832
2021-04-03,3.6341
2021-04-04,3.6855
2021-04-05,3.7223
2021-04-06,3.8019
2021-04-07,3.8577
2021-04-08,3.8772
2021-04-09,3.9480
2021-04-10,4.0044
2021-04-11,4.0160
2021-04-12,4.1078
2021-04-13,4.1843
2021-04-14,4.2083
2021-04-15,4.2729
2021-04-16,4.2407
2021-04-17,4.1472
2021-04-18,4.0613
2021-04-19,3.9736
2021-04-20,3.8476
2021-04-21,3.7768
2021-04-22,3.6971
2021-04-23,3.6675
2021-04-24,3.6095
2021-04-25,3.5917
2021-04-26,3.6034
2021-04-27,3.6311
2021-04-28,3.5655
2021-04-29,3.5275
2021-04-30,3.4726
2021-05-01,3.4103
2021-05-02,3.3548
2021-05-03,3.3684
2021-05-04,3.4090
2021-05-05,3.5217
2021-05-06,3.6602
2021-05-07,3.8110
2021-05-08,3.9505
2021-05-09,4.0838
2021-05-10,4.1637
2021-05-11,4.2247
2021-05-12,4.2871
2021-05-13,4.3478
2021-05-14,4.4351
2021-05-15,4.4722
2021-05-16,4.5333
2021-05-17,4.5706
2021-05-18,4.6208
2021-05-19,4.6601
2021-05-20,4.7315
2021-05-21,4.8079
2021-05-22,4.8885
2021-05-23,5.0100
2021-05-24,5.0578
2021-05-25,5.1061
2021-05-26,5.1697
2021-05-27,5.1307
2021-05-28,5.0531
2021-05-29,5.0074
2021-05-30,4.9881
2021-05-31,4.8902
2021-06-01,4.8970
2021-06-02,4.8981
2021-06-03,4.9279
2021-06-04,4.9564
2021-06-05,4.9743
2021-06-06,4.9732
2021-06-07,4.9742
2021-06-08,4.9333
2021-06-09,4.8661
2021-06-10,4.8499
2021-06-11,4.8532
2021-06-12,4.8311
2021-06-13,4.8078
2021-06-14,4.7951
2021-06-15,4.7799
2021-06-16,4.7297
2021-06-17,4.6896
2021-06-18,4.6931
2021-06-19,4.6865
2021-06-20,4.6937
2021-06-21,4.7292
2021-06-22,4.7948
2021-06-23,4.8395
2021-06-24,4.8572
2021-06-25,4.8462
2021-06-26,4.7991
2021-06-27,4.7252
2021-06-28,4.6491
2021-06-29,4.5793
2021-06-30,4.5239
2021-07-01,4.5036
2021-07-02,4.4835
2021-07-03,4.4685
2021-07-04,4.4896
2021-07-05,4.5000
2021-07-06,4.5309
2021-07-07,4.5273
2021-07-08,4.4429
2021-07-09,4.4318
2021-07-10,4.4226
2021-07-11,4.4028
2021-07-12,4.4160
2021-07-13,4.5095
2021-07-14,4.5228
2021-07-15,4.5594
2021-07-16,4.5825
2021-07-17,4.5719
2021-07-18,4.5930
2021-07-19,4.6001
2021-07-20,4.6539
2021-07-21,4.6301
2021-07-22,4.6291
2021-07-23,4.5411
2021-07-24,4.4323
2021-07-25,4.2623
2021-07-26,4.1041
2021-07-27,4.0172
2021-07-28,3.9781
2021-07-29,3.9701
2021-07-30,3.9621
2021-07-31,4.0297
2021-08-01,4.0410
2021-08-02,4.0773
2021-08-03,4.1036
2021-08-04,4.1201
2021-08-05,4.0627
2021-08-06,4.0028
2021-08-07,3.9193
2021-08-08,3.8335
2021-08-09,3.7461
2021-08-10,3.7391
2021-08-11,3.7292
2021-08-12,3.7268
2021-08-13,3.7347
2021-08-14,3.7571
2021-08-15,3.7749
2021-08-16,3.7909
2021-08-17,3.7833
2021-08-18,3.7869
2021-08-19,3.7738
2021-08-20,3.7522
2021-08-21,3.7321
2021-08-22,3.7351
2021-08-23,3.7396
2021-08-24,3.7660
2021-08-25,3.7996
2021-08-26,3.8418
2021-08-27,3.8828
2021-08-28,3.9090
2021-08-29,3.9287
2021-08-30,3.9380
2021-08-31,3.9401
2021-09-01,3.9400
2021-09-02,3.9463
2021-09-03,3.9601
2021-09-04,3.9773
2021-09-05,3.9964
2021-09-06,4.0121
2021-09-07,4.0049
2021-09-08,4.0016
2021-09-09,3.9659
2021-09-10,3.9287
2021-09-11,3.9016
2021-09-12,3.9136
2021-09-13,3.9220
2021-09-14,3.9744
2021-09-15,4.0306
2021-09-16,4.0845
2021-09-17,4.1340
2021-09-18,4.1421
2021-09-19,4.1341
2021-09-20,4.1159
2021-09-21,4.0923
2021-09-22,4.0565
2021-09-23,4.0518
2021-09-24,4.0641
2021-09-25,4.1160
2021-09-26,4.1462
2021-09-27,4.1804
2021-09-28,4.2223
2021-09-29,4.2080
2021-09-30,4.1502
2021-10-01,4.1166
2021-10-02,4.0480
2021-10-03,3.9668
2021-10-04,3.9239
2021-10-05,3.9108
2021-10-06,3.8713
2021-10-07,3.8604
2021-10-08,3.8571
2021-10-09,3.8549
2021-10-10,3.8313
2021-10-11,3.7969
2021-10-12,3.8094
2021-10-13,3.8735
2021-10-14,3.9169
2021-10-15,3.9769
2021-10-16,4.0188
2021-10-17,4.0088
2021-10-18,3.9921
2021-10-19,3.9310
2021-10-20,3.8347
2021-10-21,3.7810
2021-10-22,3.6948
2021-10-23,3.5992
2021-10-24,3.5667
2021-10-25,3.5678
2021-10-26,3.5772
2021-10-27,3.6449
2021-10-28,3.6742
2021-10-29,3.7232
2021-10-30,3.7306
2021-10-31,3.7723
2021-11-01,3.7906
2021-11-02,3.8267
2021-11-03,3.8672
2021-11-04,3.9562
2021-11-05,4.0218
2021-11-06,4.0803
2021-11-07,4.1282
2021-11-08,4.1588
2021-11-09,4.1674
2021-11-10,4.1778
2021-11-11,4.2020
2021-11-12,4.2269
2021-11-13,4.2581
2021-11-14,4.2919
2021-11-15,4.3212
2021-11-16,4.3669
2021-11-17,4.3230
2021-11-18,4.2834
2021-11-19,4.2442
2021-11-20,4.1954
2021-11-21,4.1286
2021-11-22,4.1527
2021-11-23,4.1668
2021-11-24,4.2070
2021-11-25,4.2241
2021-11-26,4.2338
2021-11-27,4.2180
2021-11-28,4.1948
2021-11-29,4.1427
2021-11-30,4.1244
2021-12-01,4.1123
2021-12-02,4.1603
2021-12-03,4.2315
2021-12-04,4.3313
2021-12-05,4.4266
2021-12-06,4.5278
2021-12-07,4.5889
2021-12-08,4.6282
2021-12-09,4.6599
2021-12-10,4.6607
2021-12-11,4.6547
2021-12-12,4.6503
2021-12-13,4.6771
2021-12-14,4.6557
2021-12-15,4.6571
2021-12-16,4.6577
2021-12-17,4.6581
2021-12-18,4.6245
2021-12-19,4.6191
2021-12-20,4.6225
2021-12-21,4.6201
2021-12-22,4.6200
2021-12-23,4.6264
2021-12-24,4.6331
2021-12-25,4.6209
2021-12-26,4.6136
2021-12-27,4.5982
2021-12-28,4.5843
2021-12-29,4.5679
2021-12-30,4.5703
2021-12-31,4.5692
2022-01-01,4.5703
2022-01-02,4.5505
2022-01-03,4.5097
2022-01-04,4.4693
2022-01-05,4.4283
2022-01-06,4.3905
2022-01-07,4.3516
2022-01-08,4.3391
2022-01-09,4.3223
2022-01-10,4.3122
2022-01-11,4.2964
2022-01-12,4.2859
2022-01-13,4.2692
2022-01-14,4.2536
2022-01-15,4.2173
2022-01-16,4.1828
2022-01-17,4.1654
2022-01-18,4.1135
2022-01-19,4.0651
2022-01-20,4.0249
2022-01-21,3.9938
2022-01-22,3.9629
2022-01-23,3.9662
2022-01-24,3.9432
2022-01-25,3.9252
2022-01-26,3.8978
2022-01-27,3.8645
2022-01-28,3.8487
2022-01-29,3.8636
2022-01-30,3.9031
2022-01-31,3.9700
2022-02-01,4.0526
2022-02-02,4.1208
2022-02-03,4.1958
2022-02-04,4.2595
2022-02-05,4.2183
2022-02-06,4.1586
2022-02-07,4.0826
2022-02-08,3.9881
2022-02-09,3.8832
2022-02-10,3.8626
2022-02-11,3.8451
2022-02-12,3.8413
2022-02-13,3.8422
2022-02-14,3.8519
2022-02-15,3.8560
2022-02-16,3.7998
2022-02-17,3.7285
2022-02-18,3.6626
2022-02-19,3.5862
2022-02-20,3.4682
2022-02-21,3.4030
2022-02-22,3.3570
2022-02-23,3.3040
2022-02-24,3.2643
2022-02-25,3.2760
2022-02-26,3.2829
2022-02-27,3.2867
2022-02-28,3.2931
2022-03-01,3.2859
2022-03-02,3.2725
2022-03-03,3.2694
2022-03-04,3.2718
2022-03-05,3.3122
2022-03-06,3.3538
2022-03-07,3.3480
2022-03-08,3.3557
2022-03-09,3.3620
2022-03-10,3.3400
2022-03-11,3.3291
2022-03-12,3.3571
2022-03-13,3.3830
2022-03-14,3.4134
2022-03-15,3.4392
2022-03-16,3.4780
2022-03-17,3.5071
2022-03-18,3.5578
2022-03-19,3.5864
2022-03-20,3.6129
2022-03-21,3.6177
2022-03-22,3.6395
2022-03-23,3.5822
2022-03-24,3.6091
2022-03-25,3.5699
2022-03-26,3.5211
2022-03-27,3.4666
2022-03-28,3.4473
2022-03-29,3.3540
2022-03-30,3.3195
2022-03-31,3.3035
2022-04-01,3.2859
2022-04-02,3.2759
2022-04-03,3.3679
2022-04-04,3.3941
2022-04-05,3.4157
2022-04-06,3.5021
2022-04-07,3.6175
2022-04-08,3.6535
2022-04-09,3.7564
2022-04-10,3.8778
2022-04-11,3.9403
2022-04-12,3.9970
2022-04-13,3.9506
2022-04-14,3.8704
2022-04-15,3.7363
2022-04-16,3.5926
2022-04-17,3.3648
2022-04-18,3.2936
2022-04-19,3.1730
2022-04-20,3.1697
2022-04-21,3.1773
2022-04-22,3.1828
2022-04-23,3.1078
2022-04-24,3.1231
2022-04-25,3.0582
2022-04-26,2.9818
2022-04-27,2.9874
2022-04-28,2.9690
2022-04-29,2.9137
2022-04-30,2.8529
2022-05-01,2.8114
2022-05-03,2.7604
2022-05-05,2.7517
2022-05-06,2.7912
2022-05-07,2.8395
2022-05-08,2.8968
2022-05-09,2.9716
2022-05-10,3.0685
2022-05-11,3.1991
2022-05-12,3.3573
2022-05-13,3.5462
2022-05-14,3.7599
2022-05-15,3.9665
2022-05-16,4.1332
2022-05-17,4.1698
2022-05-18,4.1759
2022-05-19,4.1261
2022-05-20,4.0550
2022-05-21,4.0571
2022-05-22,4.0916
2022-05-23,4.1217
2022-05-24,4.1571
2022-05-25,4.1967
2022-05-26,4.1659
2022-05-27,4.1549
2022-05-28,4.1302
2022-05-29,4.1203
2022-05-30,4.0987
2022-05-31,4.0623
2022-06-01,4.0601
2022-06-02,4.0691
2022-06-03,4.0777
2022-06-04,4.1050
2022-06-05,4.1284
2022-06-06,4.1812
2022-06-07,4.2265
2022-06-08,4.2652
2022-06-09,4.2947
2022-06-10,4.3389
2022-06-11,4.3616
2022-06-12,4.3731
2022-06-13,4.3890
2022-06-14,4.4022
2022-06-15,4.4011
2022-06-16,4.4013
2022-06-17,4.4043
2022-06-18,4.3996
2022-06-19,4.4008
2022-06-20,4.4192
2022-06-21,4.4552
2022-06-22,4.5137
2022-06-23,4.5966
2022-06-24,4.6757
2022-06-25,4.7577
2022-06-26,4.8091
2022-06-27,4.8484
2022-06-28,4.7995
2022-06-29,4.7545
2022-06-30,4.6863
2022-07-01,4.6304
2022-07-02,4.7474
2022-07-03,4.9112
2022-07-04,5.0837
2022-07-05,5.0869
2022-07-06,5.0005
2022-07-07,4.7335
2022-07-08,4.4797
2022-07-09,4.2081
2022-07-10,4.0399
2022-07-11,3.9439
2022-07-12,3.8366
2022-07-13,3.7343
2022-07-14,3.6099
2022-07-15,3.5539
2022-07-16,3.5311
2022-07-17,3.5326
2022-07-18,3.5486
2022-07-19,3.5399
2022-07-20,3.5404
2022-07-21,3.4835
2022-07-22,3.4171
2022-07-23,3.3360
2022-07-24,3.3034
2022-07-25,3.2839
2022-07-26,3.3075
2022-07-27,3.3323
2022-07-28,3.3684
2022-07-29,3.4111
2022-07-30,3.4394
2022-07-31,3.4720
2022-08-01,3.5066
2022-08-02,3.5296
2022-08-03,3.5480
2022-08-04,3.5613
2022-08-05,3.5694
2022-08-06,3.5812
2022-08-07,3.6016
2022-08-08,3.6299
2022-08-09,3.6785
2022-08-10,3.7450
2022-08-11,3.8233
2022-08-12,3.9128
2022-08-13,4.0021
2022-08-14,4.0726
2022-08-15,4.1231
2022-08-16,4.1496
2022-08-17,4.1302
2022-08-18,4.0950
2022-08-19,4.0628
2022-08-20,4.0388
2022-08-21,4.0222
2022-08-22,4.0345
2022-08-23,4.0358
2022-08-24,4.0288
2022-08-25,3.9679
2022-08-26,3.9033
2022-08-27,3.7922
2022-08-28,3.6989
2022-08-29,3.6554
2022-08-30,3.6761
2022-08-31,3.7944
2022-09-01,3.9581
2022-09-02,3.8526
2022-09-03,3.9106
2022-09-04,3.9478
2022-09-05,3.8940
2022-09-06,3.8364
2022-09-07,4.0620
2022-09-08,4.0698
2022-09-09,4.0508
2022-09-10,4.0341
2022-09-11,3.9895
2022-09-12,3.9499
2022-09-13,3.9446
2022-09-14,3.9770
2022-09-15,3.9988
2022-09-16,4.0559
2022-09-17,4.0586
2022-09-18,4.0271
2022-09-19,3.9971
2022-09-20,3.9774
2022-09-21,3.9612
2022-09-22,3.9850
2022-09-23,4.0122
2022-09-24,4.0317
2022-09-25,4.0365
2022-09-26,4.0330
2022-09-27,3.9979
2022-09-28,3.9889
2022-09-29,3.9689
2022-09-30,3.9682
2022-10-01,4.0165
2022-10-02,4.0294
2022-10-03,4.0135
2022-10-04,4.0096
2022-10-06,3.9930
2022-10-07,3.9229
2022-10-08,3.9283
2022-10-09,3.9524
2022-10-10,3.9750
2022-10-11,3.9940
2022-10-12,4.0173
2022-10-13,4.0207
2022-10-14,4.0249
2022-10-15,4.0282
2022-10-16,4.0379
2022-10-17,4.0168
2022-10-18,4.0437
2022-10-19,4.0694
2022-10-20,4.0998
2022-10-21,4.1296
2022-10-22,4.2330
2022-10-23,4.3131
2022-10-24,4.4048
2022-10-25,4.4222
2022-10-26,4.5119
2022-10-27,4.5264
2022-10-28,4.5655
2022-10-29,4.5835
2022-10-30,4.6768
2022-10-31,4.6871
2022-11-01,4.7436
2022-11-02,4.7266
2022-11-03,4.7072
2022-11-04,4.6464
2022-11-05,4.6393
2022-11-06,4.6261
2022-11-07,4.6512
2022-11-08,4.6844
2022-11-09,4.7020
2022-11-10,4.7082
2022-11-11,4.7151
2022-11-12,4.7210
2022-11-13,4.7200
2022-11-14,4.7802
2022-11-15,4.8104
2022-11-16,4.8291
2022-11-17,4.8374
2022-11-18,4.8589
2022-11-19,4.8591
2022-11-20,4.8726
2022-11-21,4.8918
2022-11-22,4.9257
2022-11-23,4.8414
2022-11-24,4.8372
2022-11-25,4.8683
2022-11-26,4.8922
2022-11-27,4.8870
2022-11-28,4.8651
2022-11-29,4.8964
2022-11-30,4.8725
2022-12-01,4.8657
2022-12-02,4.8406
2022-12-03,4.9961
2022-12-04,5.0200
2022-12-05,5.0556
2022-12-06,5.0868
2022-12-07,5.1026
2022-12-08,5.0470
2022-12-09,5.0184
2022-12-10,4.9956
2022-12-11,4.9609
2022-12-12,4.9808
2022-12-13,5.0163
2022-12-14,4.9776
2022-12-15,4.9705
2022-12-16,4.9726
2022-12-17,4.9718
2022-12-18,4.9671
2022-12-19,5.0113
2022-12-20,5.0339
2022-12-21,5.0344
2022-12-22,4.9731
2022-12-23,4.9758
2022-12-24,4.9645
2022-12-25,4.9238
2022-12-26,4.9079
2022-12-27,4.9475
2022-12-28,4.9351
2022-12-29,4.9609
2022-12-30,4.9774
2022-12-31,4.9936
2023-01-01,5.0288
2023-01-02,5.0527
2023-01-03,5.0527
2023-01-04,5.0224
2023-01-05,5.0425
2023-01-06,5.0455
2023-01-07,5.0655
2023-01-08,5.1064
2023-01-09,5.1855
2023-01-10,5.2082
2023-01-11,5.2485
2023-01-12,5.2753
2023-01-13,5.3016
2023-01-14,5.3193
2023-01-15,5.3175
2023-01-16,5.2985
2023-01-17,5.2564
2023-01-18,5.1570
2023-01-19,5.0628
2023-01-20,5.0351
2023-01-21,4.9560
2023-01-22,4.8741
2023-01-23,4.8365
2023-01-24,4.7522
2023-01-25,4.6270
2023-01-26,4.4938
2023-01-27,4.3800
2023-01-28,4.3513
2023-01-29,4.2748
2023-01-30,4.1989
2023-01-31,4.1918
2023-02-01,4.1724
2023-02-02,4.0976
2023-02-03,4.1198
2023-02-04,4.1413
2023-02-05,4.1248
2023-02-06,4.1452
2023-02-07,4.0822
2023-02-08,4.0271
2023-02-09,3.9527
2023-02-10,3.9014
2023-02-11,3.8269
2023-02-12,3.8129
2023-02-13,3.7983
2023-02-14,3.7893
2023-02-15,3.7903
2023-02-16,3.7993
2023-02-17,3.7968
2023-02-18,3.7689
2023-02-19,3.7535
2023-02-20,3.7251
2023-02-21,3.7005
2023-02-22,3.6637
2023-02-23,3.6813
2023-02-24,3.6682
2023-02-25,3.6641
2023-02-26,3.6893
2023-02-27,3.7242
2023-02-28,3.7397
2023-03-01,3.7855
2023-03-02,3.8278
2023-03-03,3.8370
2023-03-04,3.8491
2023-03-05,3.8529
2023-03-06,3.8471
2023-03-07,3.8593
2023-03-08,3.8770
2023-03-09,3.8908
2023-03-10,3.9239
2023-03-11,3.9458
2023-03-12,3.9609
2023-03-13,3.9878
2023-03-14,4.0165
2023-03-15,4.0291
2023-03-16,4.0519
2023-03-17,4.0673
2023-03-18,4.0662
2023-03-19,4.0722
2023-03-20,4.0645
2023-03-21,4.0680
2023-03-22,4.0714
2023-03-23,4.0723
2023-03-24,4.0403
2023-03-25,4.0176
2023-03-26,3.9670
2023-03-27,3.9143
2023-03-28,3.8445
2023-03-29,3.8163
2023-03-30,3.7896
2023-03-31,3.7703
2023-04-01,3.7811
2023-04-02,3.8046
2023-04-03,3.8017
2023-04-04,3.7681
2023-04-05,3.7514
2023-04-06,3.6859
2023-04-07,3.6217
2023-04-08,3.5700
2023-04-09,3.5480
2023-04-10,3.5271
2023-04-11,3.4964
2023-04-12,3.4720
2023-04-13,3.4362
2023-04-14,3.4029
2023-04-15,3.3262
2023-04-16,3.2833
2023-04-17,3.2266
2023-04-18,3.1876
2023-04-19,3.1475
2023-04-20,3.1837
2023-04-21,3.2578
2023-04-22,3.4010
2023-04-23,3.5423
2023-04-24,3.7266
2023-04-25,3.8830
2023-04-26,4.0019
2023-04-27,4.0502
2023-04-28,4.0651
2023-04-29,3.9997
2023-04-30,3.9604
2023-05-01,3.9325
2023-05-02,3.9469
2023-05-03,3.9995
2023-05-04,4.1067
2023-05-05,4.1857
2023-05-06,4.2619
2023-05-07,4.3233
2023-05-08,4.3878
2023-05-09,4.4486
2023-05-10,4.4807
2023-05-11,4.4933
2023-05-12,4.4646
2023-05-13,4.4457
2023-05-14,4.4195
2023-05-15,4.4189
2023-05-16,4.4385
2023-05-17,4.4651
2023-05-18,4.4885
2023-05-19,4.5056
2023-05-20,4.5174
2023-05-21,4.4964
2023-05-22,4.4956
2023-05-23,4.4714
2023-05-24,4.4557
2023-05-25,4.4550
2023-05-26,4.4825
2023-05-27,4.5115
2023-05-28,4.5654
2023-05-29,4.6194
2023-05-30,4.6618
2023-05-31,4.7108
2023-06-01,4.7528
2023-06-02,4.7808
2023-06-03,4.7038
2023-06-04,4.6299
2023-06-05,4.6050
2023-06-06,4.5203
2023-06-07,4.4379
2023-06-08,4.4287
2023-06-09,4.4175
2023-06-10,4.3611
2023-06-11,4.3658
2023-06-12,4.3802
2023-06-13,4.4307
2023-06-14,4.5068
2023-06-15,4.5569
2023-06-16,4.6348
2023-06-17,4.6991
2023-06-18,4.7584
2023-06-19,4.7991
2023-06-20,4.8588
2023-06-21,4.8908
2023-06-22,4.9307
2023-06-23,4.9556
2023-06-24,4.9668
2023-06-25,4.9708
2023-06-26,4.9725
2023-06-27,4.9750
2023-06-28,5.0077
2023-06-29,4.9444
2023-06-30,4.8978
2023-07-01,4.7671
2023-07-02,4.6135
2023-07-03,4.4072
2023-07-04,4.2596
2023-07-05,4.1077
2023-07-06,4.0630
2023-07-07,3.9836
2023-07-08,3.9460
2023-07-09,3.9118
2023-07-10,3.9012
2023-07-11,3.8685
2023-07-12,3.9072
2023-07-13,3.9605
2023-07-14,4.0665
2023-07-15,4.1548
2023-07-16,4.2151
2023-07-17,4.1653
2023-07-18,4.1005
2023-07-19,4.0115
2023-07-20,3.9131
2023-07-21,3.7892
2023-07-22,3.7976
2023-07-23,3.7902
2023-07-24,3.8017
2023-07-25,3.8256
2023-07-26,3.9059
2023-07-27,3.9537
2023-07-28,3.9559
2023-07-29,3.9620
2023-07-30,3.9170
2023-07-31,3.8791
2023-08-01,3.8411
2023-08-02,3.8661
2023-08-03,3.8690
2023-08-04,3.9068
2023-08-05,3.9341
2023-08-06,3.9486
2023-08-07,3.9703
2023-08-08,3.9787
2023-08-09,4.0219
2023-08-10,4.0821
2023-08-11,4.1337
2023-08-12,4.1618
2023-08-13,4.1752
2023-08-14,4.1927
2023-08-15,4.2062
2023-08-16,4.1765
2023-08-17,4.1420
2023-08-18,4.1402
2023-08-19,4.0874
2023-08-20,4.0256
2023-08-21,4.0522
2023-08-22,4.1100
2023-08-23,4.1855
2023-08-24,4.2603
2023-08-25,4.3422
2023-08-26,4.3825
2023-08-27,4.3972
2023-08-28,4.4097
2023-08-29,4.4130
2023-08-30,4.4173
2023-08-31,4.4143
2023-09-01,4.4162
2023-09-02,4.4073
2023-09-03,4.4341
2023-09-04,4.4687
2023-09-05,4.5148
2023-09-06,4.5518
2023-09-07,4.5932
2023-09-08,4.5944
2023-09-09,4.6195
2023-09-10,4.6512
2023-09-11,4.6819
2023-09-12,4.7192
2023-09-13,4.7693
2023-09-14,4.7719
2023-09-15,4.7607
2023-09-16,4.7994
2023-09-17,4.8405
2023-09-18,4.8741
2023-09-19,4.9232
2023-09-20,4.9705
2023-09-21,4.9469
2023-09-22,4.9187
2023-09-23,4.9126
2023-09-24,4.8981
2023-09-25,4.9062
2023-09-26,4.9342
2023-09-27,4.9324
2023-09-28,4.9256
2023-09-29,4.9277
2023-09-30,4.9286
2023-10-01,4.9404
2023-10-02,4.9377
2023-10-03,4.9442
2023-10-04,4.9306
2023-10-05,4.9171
2023-10-06,4.9087
2023-10-07,4.9431
2023-10-08,4.9581
2023-10-09,4.9917
2023-10-10,5.0155
2023-10-11,5.0224
2023-10-12,5.0251
2023-10-13,5.0259
2023-10-14,5.0190
2023-10-15,4.9882
2023-10-16,4.9716
2023-10-17,4.9542
2023-10-18,4.9436
2023-10-19,4.9059
2023-10-20,4.8952
2023-10-21,4.8747
2023-10-22,4.6949
2023-10-23,4.6750
2023-10-24,4.6833
2023-10-25,4.7076
2023-10-26,4.7322
2023-10-27,4.9157
2023-10-28,4.9454
2023-10-29,5.0035
2023-10-30,4.9762
2023-10-31,4.9597
2023-11-01,4.9257
2023-11-02,4.8876
2023-11-03,4.8323
2023-11-04,4.8468
2023-11-05,4.8370
2023-11-06,4.8624
2023-11-07,4.8928
2023-11-08,4.9128
2023-11-09,4.9202
2023-11-10,4.9584
2023-11-11,4.9707
2023-11-12,4.9836
2023-11-13,4.9763
2023-11-14,4.9521
2023-11-15,4.9318
2023-11-16,4.9212
2023-11-17,4.9007
2023-11-18,4.9081
2023-11-19,4.9440
2023-11-20,4.9575
2023-11-21,4.9363
2023-11-22,4.9053
2023-11-23,4.8672
2023-11-24,4.8318
2023-11-25,4.8055
2023-11-26,4.8265
2023-11-27,4.8684
2023-11-28,4.8777
2023-11-29,4.8681
2023-11-30,4.8353
2023-12-01,4.8034
2023-12-02,4.7853
2023-12-03,4.8421
2023-12-04,4.8912
2023-12-05,4.9675
2023-12-06,5.0374
2023-12-07,5.0908
2023-12-08,5.1174
2023-12-09,5.1726
2023-12-10,5.2365
2023-12-11,5.2918
2023-12-12,5.3564
2023-12-13,5.4018
2023-12-14,5.4350
2023-12-15,5.4392
2023-12-16,5.4630
2023-12-17,5.4707
2023-12-18,5.4932
2023-12-19,5.5106
2023-12-20,5.5576
2023-12-21,5.5856
2023-12-22,5.6282
2023-12-23,5.6620
2023-12-24,5.7150
2023-12-25,5.6698
2023-12-26,5.6432
2023-12-27,5.5789
2023-12-28,5.5208
2023-12-29,5.4482
2023-12-30,5.4670
2023-12-31,5.4652
2024-01-01,5.4894
2024-01-02,5.4961
2024-01-03,5.5120
2024-01-04,5.5123
2024-01-05,5.5227
2024-01-06,5.4802
2024-01-07,5.4532
2024-01-08,5.4099
2024-01-09,5.3531
2024-01-10,5.2830
2024-01-11,5.2667
2024-01-12,5.2319
2024-01-13,5.1596
2024-01-14,4.9176
2024-01-15,4.8643
2024-01-16,4.8143
2024-01-17,4.7814
2024-01-18,4.7926
2024-01-19,5.0131
2024-01-20,5.0554
2024-01-21,5.1063
2024-01-22,5.1624
2024-01-23,5.1638
2024-01-24,5.1548
2024-01-25,5.1309
2024-01-26,5.1029
2024-01-27,5.0379
2024-01-28,5.0276
2024-01-29,4.9987
2024-01-30,4.9696
2024-01-31,4.9338
2024-02-01,4.9263
2024-02-02,4.9352
2024-02-03,4.9546
2024-02-04,5.0009
2024-02-05,5.0401
2024-02-06,5.0877
2024-02-07,5.0961
2024-02-08,5.0774
2024-02-09,5.0335
2024-02-10,5.0116
2024-02-11,4.9739
2024-02-12,4.9657
2024-02-13,4.9912
2024-02-14,5.0219
2024-02-15,5.0367
2024-02-16,5.0649
2024-02-17,5.0823
2024-02-18,5.0300
2024-02-19,4.9968
2024-02-20,4.9457
2024-02-21,4.8821
2024-02-22,4.8006
2024-02-23,4.8017
2024-02-24,4.6837
2024-02-25,4.6028
2024-02-26,4.5075
2024-02-27,4.4100
2024-02-28,4.2794
2024-02-29,4.2417
2024-03-01,4.2264
2024-03-02,4.2198
2024-03-03,4.2114
2024-03-04,4.2297
2024-03-05,4.2143
2024-03-06,4.2061
2024-03-07,4.2047
2024-03-08,4.1700
2024-03-09,4.1292
2024-03-10,4.1030
2024-03-11,4.0195
2024-03-12,3.9633
2024-03-13,3.9369
2024-03-14,3.9071
2024-03-15,3.8869
2024-03-16,3.8931
2024-03-17,3.8722
2024-03-18,3.8927
2024-03-19,3.8985
2024-03-20,3.9192
2024-03-21,3.9267
2024-03-22,3.8890
2024-03-23,3.8368
2024-03-24,3.7003
2024-03-26,3.6520
2024-03-27,3.5932
2024-03-28,3.5720
2024-03-29,3.5443
2024-03-30,3.6378
2024-03-31,3.6299
2024-04-01,3.6346
2024-04-02,3.6542
2024-04-03,3.6724
2024-04-04,3.6751
2024-04-05,3.6691
2024-04-06,3.6487
2024-04-07,3.6233
2024-04-08,3.6124
2024-04-09,3.5842
2024-04-10,3.5836
2024-04-11,3.6024
2024-04-12,3.6348
2024-04-13,3.6656
2024-04-14,3.6930
2024-04-15,3.7182
2024-04-16,3.7497
2024-04-17,3.7663
2024-04-18,3.7520
2024-04-19,3.7392
2024-04-20,3.6924
2024-04-21,3.6159
2024-04-22,3.5323
2024-04-23,3.4294
2024-04-24,3.3952
2024-04-25,3.3403
2024-04-26,3.2905
2024-04-27,3.2547
2024-04-28,3.2653
2024-04-29,3.2442
2024-04-30,3.3112
2024-05-01,3.4864
2024-05-02,3.6745
2024-05-03,3.8847
2024-05-04,4.0657
2024-05-05,4.2072
2024-05-06,4.2596
2024-05-07,4.3282
2024-05-08,4.4559
2024-05-09,4.6203
2024-05-10,4.7771
2024-05-11,4.9218
2024-05-12,5.0339
2024-05-13,5.0682
2024-05-14,5.0577
2024-05-15,4.9914
2024-05-16,4.9226
2024-05-17,4.9182
2024-05-18,4.8554
2024-05-19,4.7694
2024-05-20,4.7657
2024-05-21,4.8305
2024-05-22,4.7741
2024-05-23,4.7657
2024-05-24,4.8517
2024-05-25,4.8227
2024-05-26,4.7178
2024-05-27,4.6514
2024-05-28,4.6096
2024-05-29,4.4315
2024-05-30,4.4227
2024-05-31,4.3608
2024-06-01,4.3042
2024-06-02,4.2051
2024-06-03,4.1927
2024-06-05,4.0731
2024-06-06,4.0664
2024-06-07,4.0828
2024-06-08,4.1526
2024-06-09,4.3147
2024-06-10,4.4876
2024-06-11,4.6346
2024-06-12,4.7681
2024-06-13,4.8162
2024-06-14,4.6483
2024-06-15,4.5074
2024-06-16,4.4094
2024-06-17,4.3266
2024-06-18,4.2893
2024-06-19,4.4020
2024-06-20,4.5160
2024-06-21,4.5941
2024-06-22,4.6573
2024-06-23,4.7347
2024-06-24,4.7450
2024-06-25,4.7793
2024-06-26,4.7796
2024-06-27,4.8001
2024-06-28,4.8235
2024-06-29,4.8771
2024-06-30,4.9248
2024-07-01,4.9640
2024-07-02,4.9827
2024-07-03,5.0089
2024-07-04,5.0233
2024-07-05,5.0336
2024-07-06,5.0726
2024-07-07,5.1096
2024-07-08,5.1396
2024-07-09,5.1854
2024-07-10,5.2029
2024-07-11,5.2042
2024-07-12,5.1841
2024-07-13,5.1492
2024-07-14,5.1398
2024-07-15,5.1180
2024-07-16,5.0802
2024-07-17,5.0998
2024-07-18,5.0412
2024-07-19,4.9320
2024-07-20,4.8792
2024-07-21,4.8076
2024-07-22,4.6730
2024-07-23,4.6281
2024-07-24,4.5536
2024-07-25,4.4385
2024-07-26,4.3908
2024-07-27,4.3472
2024-07-28,4.2932
2024-07-29,4.3492
2024-07-30,4.3021
2024-07-31,4.2349
2024-08-01,4.1852
2024-08-02,4.1524
2024-08-03,4.0578
2024-08-04,4.0298
2024-08-05,4.0019
2024-08-06,3.9796
2024-08-07,3.9508
2024-08-08,3.9186
2024-08-09,3.9783
2024-08-10,4.0564
2024-08-11,4.1308
2024-08-12,4.2484
2024-08-13,4.3660
2024-08-14,4.4377
2024-08-15,4.4912
2024-08-16,4.5541
2024-08-17,4.5834
2024-08-18,4.5583
2024-08-19,4.5456
2024-08-20,4.5371
2024-08-21,4.5172
2024-08-22,4.4699
2024-08-23,4.4931
2024-08-24,4.5029
2024-08-25,4.4986
2024-08-26,4.5257
2024-08-27,4.6004
2024-08-28,4.6690
2024-08-29,4.7628
2024-08-30,4.7981
2024-08-31,4.7930
2024-09-01,4.7730
2024-09-02,4.6952
2024-09-04,4.6308
2024-09-05,4.5779
2024-09-06,4.5964
2024-09-07,4.6101
2024-09-08,4.6785
2024-09-09,4.7177
2024-09-10,4.8213
2024-09-11,4.8575
2024-09-12,4.8550
2024-09-13,4.9282
2024-09-14,4.9589
2024-09-15,4.9796
2024-09-16,5.0259
2024-09-17,5.1003
2024-09-18,5.0885
2024-09-19,5.1099
2024-09-20,5.1220
2024-09-21,5.1379
2024-09-22,5.1566
2024-09-23,5.1293
2024-09-24,5.1202
2024-09-25,5.0779
2024-09-26,5.0379
2024-09-27,5.0045
2024-09-28,5.0249
2024-09-29,5.0125
2024-09-30,5.0410
2024-10-01,5.0471
2024-10-02,5.0467
2024-10-03,5.0237
2024-10-04,5.0028
2024-10-05,4.9824
2024-10-06,4.9652
2024-10-07,4.9269
2024-10-08,4.8982
2024-10-09,4.9035
2024-10-10,4.8996
2024-10-11,4.8903
2024-10-12,4.9064
2024-10-13,4.8980
2024-10-14,4.8711
2024-10-15,4.8277
2024-10-16,4.7991
2024-10-17,4.7648
2024-10-18,4.7640
2024-10-19,4.7689
2024-10-20,4.8177
2024-10-21,4.8784
2024-10-22,4.9406
2024-10-23,4.9971
2024-10-24,5.0352
2024-10-25,5.0483
2024-10-26,5.0478
2024-10-27,5.0642
2024-10-28,5.0932
2024-10-29,5.1490
2024-10-30,5.1745
2024-10-31,5.2058
2024-11-01,5.2831
2024-11-02,5.2884
2024-11-03,5.2361
2024-11-04,5.2361
2024-11-05,5.2509
2024-11-06,5.1911
2024-11-07,5.2006
2024-11-08,5.2780
2024-11-09,5.3045
2024-11-10,5.3246
2024-11-11,5.2722
2024-11-12,5.2102
2024-11-13,5.1584
2024-11-14,5.1351
2024-11-15,5.1853
2024-11-16,5.2597
2024-11-17,5.3463
2024-11-18,5.3842
2024-11-20,5.4508
2024-11-21,5.4145
2024-11-22,5.1493
2024-11-23,5.1977
2024-11-24,5.2549
2024-11-25,5.2791
2024-11-26,5.3087
2024-11-27,5.6222
2024-11-28,5.6286
2024-11-29,5.6299
2024-11-30,5.6709
2024-12-01,5.7112
2024-12-02,5.7605
2024-12-03,5.8045
2024-12-04,5.8591
2024-12-05,5.8464
2024-12-06,5.8618
2024-12-07,5.8620
2024-12-08,5.8636
2024-12-09,5.8834
2024-12-10,5.9291
2024-12-11,5.9364
2024-12-12,5.9574
2024-12-13,5.9779
2024-12-14,5.9644
2024-12-15,5.8764
2024-12-16,5.8433
2024-12-18,5.7786
2024-12-19,5.7158
2024-12-20,5.6162
2024-12-21,5.6134
2024-12-22,5.5804
2024-12-23,5.5868
2024-12-24,5.5781
2024-12-25,5.6184
2024-12-26,5.5634
2024-12-27,5.4882
2024-12-28,5.3604
2024-12-29,5.2437
2024-12-30,5.1372
2024-12-31,5.1121
2025-01-01,5.1042
2025-01-02,5.0795
2025-01-03,5.0128
2025-01-04,4.9244
2025-01-05,4.8321
2025-01-06,4.7380
2025-01-07,4.7192
2025-01-08,4.7420
2025-01-09,4.7804
2025-01-10,4.8044
2025-01-11,4.8031
2025-01-12,4.8085
2025-01-13,4.7607
2025-01-15,4.7135
2025-01-16,4.6806
2025-01-17,4.6800
2025-01-18,4.6517
2025-01-19,4.6888
2025-01-20,4.7160
2025-01-21,4.6930
2025-01-22,4.6633
2025-01-23,4.6148
2025-01-24,4.5472
2025-01-25,4.4941
2025-01-26,4.5030
2025-01-27,4.5139
2025-01-28,4.5491
2025-01-29,4.5659
2025-01-30,4.5405
2025-01-31,4.5311
2025-02-01,4.4780
2025-02-02,4.4559
2025-02-03,4.4087
2025-02-04,4.3638
2025-02-05,4.3362
2025-02-06,4.2897
2025-02-07,4.2371
2025-02-08,4.2085
2025-02-09,4.2533
2025-02-10,4.1958
2025-02-11,4.1563
2025-02-12,4.1513
2025-02-13,4.1752
2025-02-14,4.0817
2025-02-15,4.0373
2025-02-16,4.0351
2025-02-17,3.9509
2025-02-18,3.8906
2025-02-19,3.8930
2025-02-20,3.9342
2025-02-21,3.9748
2025-02-22,4.1135
2025-02-23,4.1895
2025-02-24,4.3427
2025-02-25,4.4286
2025-02-26,4.4988
2025-02-27,4.4908
2025-02-28,4.5238
2025-03-01,4.4177
2025-03-02,4.3517
2025-03-03,4.2120
2025-03-04,4.0663
2025-03-05,3.9126
2025-03-06,3.8682
2025-03-07,3.7854
2025-03-08,3.8006
2025-03-09,3.8020
2025-03-10,3.7930
2025-03-11,3.7409
2025-03-12,3.6997
2025-03-13,3.6589
2025-03-14,3.6402
2025-03-15,3.6730
2025-03-16,3.7185
2025-03-17,3.7756
2025-03-18,3.8299
2025-03-19,3.8995
2025-03-20,3.9075
2025-03-21,3.9100
2025-03-22,3.9327
2025-03-23,3.8757
2025-03-24,3.8099
2025-03-25,3.7795
2025-03-26,3.7736
2025-03-27,3.8321
2025-03-28,4.0006
2025-03-29,4.1390
2025-03-30,4.2384
2025-03-31,4.2295
2025-04-01,4.1802
2025-04-02,4.0715
2025-04-03,3.9919
2025-04-04,3.9362
2025-04-05,3.9724
2025-04-06,3.9484
2025-04-07,3.8919
2025-04-08,3.8379
2025-04-09,3.8181
2025-04-10,3.7389
2025-04-11,3.6874
2025-04-12,3.7226
2025-04-13,3.7503
2025-04-14,3.7390
2025-04-15,3.7844
2025-04-16,3.8314
2025-04-17,3.7892
2025-04-18,3.7487
2025-04-19,3.7150
2025-04-20,3.6753
2025-04-21,3.6462
2025-04-22,3.6686
2025-04-23,3.7079
2025-04-24,3.7547
2025-04-25,3.7825
2025-04-26,3.7974
2025-04-27,3.8261
2025-04-28,3.8460
2025-04-29,3.8689
2025-04-30,3.9261
2025-05-01,4.0014
2025-05-02,4.1015
2025-05-03,4.2060
2025-05-04,4.3309
2025-05-05,4.4533
2025-05-06,4.5514
2025-05-07,4.6160
2025-05-08,4.6634
2025-05-10,4.6715
2025-05-11,4.6435
2025-05-12,4.6276
2025-05-13,4.6377
2025-05-14,4.6622
2025-05-15,4.6927
2025-05-16,4.8547
2025-05-17,4.9634
2025-05-18,4.9818
2025-05-19,4.9900
2025-05-20,5.0084
2025-05-21,4.8908
2025-05-22,4.7783
2025-05-23,4.7243
2025-05-24,4.6654
2025-05-25,4.6256
2025-05-26,4.6238
2025-05-27,4.6730
2025-05-28,4.6974
2025-05-29,4.7501
2025-05-30,4.7146
2025-05-31,4.7114
2025-06-01,4.7016
2025-06-02,4.7123
2025-06-03,4.6997
2025-06-04,4.7440
2025-06-05,4.7793
2025-06-06,4.8015
2025-06-07,4.8532
2025-06-08,4.9032
2025-06-09,4.9029
2025-06-10,4.8530
2025-06-11,4.8907
2025-06-12,4.8229
2025-06-13,4.7397
2025-06-14,4.7009
2025-06-15,4.6722
2025-06-16,4.6047
2025-06-17,4.6372
2025-06-18,4.6909
2025-06-19,4.7944
2025-06-20,4.8507
2025-06-21,4.8828
2025-06-22,4.9245
2025-06-23,4.9541
2025-06-24,4.9577
2025-06-25,5.0506
2025-06-26,5.1313
2025-06-27,5.1861
2025-06-28,5.2536
2025-06-29,5.3030
2025-06-30,5.3828
2025-07-01,5.3167
2025-07-02,5.2659
2025-07-03,5.1963
2025-07-04,5.0866
2025-07-05,4.9176
2025-07-06,4.9414
2025-07-07,4.8558
2025-07-08,4.7988
2025-07-09,4.7977
2025-07-10,4.7558
2025-07-11,4.5828
2025-07-12,4.5747
2025-07-13,4.5628
2025-07-14,4.5273
2025-07-15,4.4815
2025-07-16,4.5720
2025-07-17,4.5881
2025-07-18,4.5895
2025-07-19,4.5930
2025-07-20,4.6561
2025-07-21,4.5513
2025-07-22,4.4468
2025-07-23,4.3566
2025-07-24,4.2305
2025-07-25,4.1340
2025-07-26,4.1505
2025-07-27,4.1195
2025-07-28,4.0957
2025-07-29,4.1393
2025-07-30,4.1489
2025-07-31,4.1759
2025-08-01,4.2490
2025-08-02,4.3051
2025-08-03,4.3696
2025-08-04,4.4067
2025-08-05,4.4288
2025-08-06,4.4627
2025-08-07,4.4984
2025-08-08,4.5326
2025-08-09,4.5856
2025-08-10,4.6478
2025-08-11,4.6968
2025-08-12,4.7461
2025-08-13,4.7563
2025-08-14,4.8536
2025-08-16,4.8695
2025-08-17,4.8942
2025-08-18,4.9071
2025-08-19,4.9256
2025-08-20,4.8598
2025-08-21,4.8698
2025-08-22,4.9224
2025-08-23,4.9750
2025-08-24,4.9961
2025-08-25,5.0496
2025-08-26,5.0971
2025-08-28,5.0983
2025-08-29,5.1238
2025-08-30,5.1955
2025-08-31,5.1931
2025-09-01,5.2338
2025-09-02,5.2369
2025-09-03,5.1921
2025-09-04,5.1053
2025-09-05,5.1185
2025-09-06,5.0755
2025-09-08,5.0605
2025-09-09,5.0507
2025-09-10,5.0937
2025-09-11,5.0480
2025-09-12,5.0347
2025-09-13,5.0270
2025-09-14,5.0775
2025-09-15,5.0873
2025-09-16,5.1321
2025-09-17,5.1605
2025-09-18,5.1476
2025-09-19,5.1331
2025-09-20,5.1224
2025-09-21,5.0886
2025-09-22,5.0591
2025-09-23,5.0619
2025-09-24,5.0402
2025-09-25,5.0326
2025-09-26,5.0172
2025-09-27,4.9963
2025-09-29,4.9921
2025-09-30,5.0373
2025-10-01,5.0042
2025-10-02,4.9935
2025-10-03,4.9943
2025-10-04,4.9619
2025-10-06,4.9082
2025-10-07,4.8918
2025-10-08,4.8925
2025-10-09,4.8539
2025-10-10,4.8323
2025-10-11,4.8090
2025-10-13,4.8415
2025-10-14,4.9338
2025-10-15,5.0164
2025-10-16,5.1094
2025-10-17,5.1624
2025-10-18,5.1983
2025-10-19,5.1627
2025-10-20,5.1515
2025-10-21,5.1553
2025-10-22,5.1643
2025-10-23,5.1944
2025-10-24,5.2369
2025-10-25,5.2914
2025-10-27,5.3436
2025-10-28,5.4051
2025-10-29,5.4456
2025-10-30,5.4576
2025-10-31,5.4476
2025-11-01,5.4509
2025-11-02,5.4251
2025-11-03,5.4369
2025-11-04,5.4672
2025-11-05,5.5114
2025-11-06,5.5534
2025-11-07,5.3068
2025-11-08,5.3339
2025-11-09,5.3495
2025-11-10,5.3747
2025-11-11,5.3760
2025-11-12,5.7047
2025-11-13,5.7355
2025-11-14,5.2336
2025-11-15,5.2850
2025-11-16,5.3242
2025-11-17,5.3701
2025-11-18,5.3698
2025-11-19,5.9554
2025-11-20,5.9969
2025-11-21,6.0529
2025-11-22,6.0664
2025-11-23,6.1177
2025-11-24,6.0926
2025-11-25,6.0403
2025-11-26,5.9517
2025-11-27,5.9106
2025-11-28,5.8804
2025-11-29,5.8977
2025-11-30,5.9251
2025-12-01,6.0040
2025-12-02,6.0590
2025-12-03,6.0933
2025-12-04,6.1186
2025-12-05,6.2532
2025-12-06,6.2611
2025-12-07,6.2689
2025-12-08,6.2833
2025-12-09,6.2746
2025-12-10,6.1718
2025-12-11,6.2103
2025-12-12,6.2373
2025-12-13,6.2842
2025-12-14,6.3090
2025-12-15,6.3353
2025-12-16,6.3150
2025-12-17,6.3074
2025-12-18,6.3106
2025-12-19,6.3221
2025-12-20,6.3690
2025-12-21,6.4477
2025-12-22,6.5043
2025-12-23,6.4829
2025-12-24,6.4324
2025-12-25,6.3422
2025-12-26,6.2479
2025-12-27,6.1961
2025-12-28,6.1094
2025-12-29,6.0729
2025-12-30,6.1726
2025-12-31,6.1294
2026-01-01,6.0508
2026-01-02,6.1092
2026-01-03,6.1188
2026-01-04,5.9087
2026-01-05,5.7976
2026-01-06,5.6941
2026-01-07,5.5515
2026-01-08,5.4665
2026-01-09,5.4687
2026-01-10,5.4192
2026-01-11,5.3697
2026-01-12,5.3048
2026-01-13,5.2455
2026-01-14,5.1673
2026-01-16,5.0986
2026-01-17,4.9899
2026-01-19,4.8862
2026-01-20,4.7109
2026-01-21,4.5596
2026-01-22,4.4853
2026-01-23,4.4661
2026-01-24,4.4492
2026-01-25,4.5332
2026-01-26,4.6210
2026-01-27,4.6957
2026-01-28,4.7606
2026-01-29,4.8109
2026-01-30,4.8301
